{"acc": [0.7442672800892842, 0.7744978826657246, 0.8024612700762981, 0.8300203745533784, 0.851657558410503, 0.8695041912197083, 0.8844302851700598, 0.8935023768644692, 0.9028235079920682, 0.9082020752496046, 0.9136356293794629, 0.9199391969707127, 0.922206411363545, 0.9268055273203497, 0.9315663513242322, 0.9344771822560917, 0.9370742904353009, 0.9415763784335499, 0.9427148346786199, 0.9440473502857217, 0.9450532047856289, 0.949176881678366, 0.9498431384206809, 0.9503703239147682, 0.9518322069897311, 0.9544196124604126, 0.9575471384697487, 0.9583071888778955, 0.9587114719000658, 0.9614994010019551, 0.9613829672581404, 0.9634496599976545, 0.9634852341987317, 0.9638636425745248, 0.9649924005680657, 0.9658915235835162, 0.9663313818535416, 0.9667130248786955, 0.966641869833454, 0.9685177394314276, 0.9705294490500553, 0.971677608982959, 0.9713024354049646, 0.9708593450128818, 0.9719266447803792, 0.9728290043421136, 0.9735146676215168, 0.974472007040427, 0.9752773379418985, 0.9773763715382277, 0.9766648328625457, 0.9765419289409476, 0.9761732311524681, 0.9757786490440739, 0.9773278571570103, 0.9769882566176494, 0.9788317854455574, 0.9796274121521924, 0.9792263662411419, 0.9782916646158099, 0.9804424471540397, 0.9807982127144202, 0.9778162331606408, 0.9789902661745744, 0.9810666577516589, 0.9804812605193093, 0.9813965547149966, 0.9818267102861332, 0.9788964726995916, 0.9805006655546668, 0.9810084432046392, 0.9818784571190563, 0.9811054676180303, 0.9823538912904498, 0.9829166493913505, 0.9843009160358364, 0.9842588695614923, 0.9847569461916615, 0.9851127137839091, 0.984210353728666, 0.9840065944765027, 0.98349558437868, 0.9842038864174729, 0.9840906854685068, 0.9841650751766032, 0.9847375400883209, 0.9862576420612749, 0.986946539101338, 0.9872958369032833, 0.9854652476559798, 0.984543485611252, 0.986002135233998, 0.9857369246514156, 0.9861056300661435, 0.9864452276001148, 0.9868042332808603, 0.986668387845107, 0.9864096512457212, 0.986137971052119, 0.9859827282496676], "val_mean_squared_error": [0.3708165897117866, 0.20517802189339648, 0.1368188759782812, 0.09901833747114454, 0.15911153057119348, 0.0617414673606118, 0.0697159230872825, 0.050545395894365, 0.15145606719530547, 0.0899044204052988, 0.0538247015613776, 0.04918112753184287, 0.06933544649855121, 0.1950180198137577, 0.09064592576616413, 0.07861750286359054, 0.14373329838553628, 0.06134930752463393, 0.07817406371072098, 0.05503231098691186, 0.04024992576175994, 0.06223800139767783, 0.15980893930236062, 0.07804806702412091, 0.03981850922598944, 0.033364670658177074, 0.146982253744052, 0.04029237315222457, 0.11947521681968983, 0.02455444447696209, 0.10351768111462122, 0.11019677955370683, 0.07125108271509736, 0.10117999562522867, 0.11054531779590544, 0.028267101722431708, 0.08453816814082009, 0.2969619910140614, 0.041372592673524396, 0.20453914410465365, 0.029069161677098537, 0.030440080010301466, 0.038663149371251954, 0.07902553014375352, 0.06881506601860235, 0.0662991179378478, 0.32819622362053, 0.0515221339742561, 0.023164326038498145, 0.02772980551798265, 0.12374738751204459, 0.01881176552602223, 0.05155251052353408, 0.03617796273185657, 0.04067967709276702, 0.018017483404377005, 0.11116052255198196, 0.022195668870603646, 0.03940577297420292, 0.01711225196473546, 0.01854163604778248, 0.04238515375898434, 0.07013113174464676, 0.020505636152657835, 0.07981537749151607, 0.05506479392176146, 0.030518091662408233, 0.02507125608786777, 0.12018689791579823, 0.021080786341821756, 0.018302104364220913, 0.017614084592723584, 0.04063057924037451, 0.09508836817937893, 0.017468424472998786, 0.017550240895086593, 0.0387327607188906, 0.014162839779241399, 0.09780989988492085, 0.0870194877241994, 0.02391446572165568, 0.037577427473369535, 0.025216122290917804, 0.031353398297841735, 0.027939850689618143, 0.028196807541362532, 0.036988615130002685, 0.05286469204085214, 0.04913861951330206, 0.42801253022728386, 0.08069887773676233, 0.022718268231703684, 0.04890817645323146, 0.030874669040133664, 0.0685848233464, 0.11253964917345362, 0.030835253196758228, 0.041751868081289334, 0.07754310908225867, 0.04939648042340855], "val_loss": [0.3708165723543901, 0.20517801403344332, 0.13681887204830462, 0.09901833697989747, 0.1591115300799464, 0.06174146776998436, 0.06971592333290604, 0.05054539708154542, 0.15145606850529766, 0.08990442237028709, 0.05382469926889126, 0.04918112732715659, 0.06933544649855121, 0.19501801768502036, 0.09064592576616413, 0.07861749934298652, 0.14373330149676775, 0.06134930777025747, 0.078174067231325, 0.05503231164190795, 0.04024992559801091, 0.06223800205267393, 0.15980894143109795, 0.07804806833411311, 0.03981850889849139, 0.033364671313173166, 0.14698225325280492, 0.040292373029412805, 0.11947521419970544, 0.02455444437461895, 0.10351767849463683, 0.11019677717934598, 0.07125108246947383, 0.10117999759021697, 0.11054531624028971, 0.02826710182477485, 0.08453816511146314, 0.2969619962540302, 0.041372594106328354, 0.20453914623339098, 0.029069161349600487, 0.030440080501548537, 0.03866314920750293, 0.07902552989812997, 0.06881506765609259, 0.06629911924784, 0.32819622722300856, 0.051522134752063964, 0.023164326365996194, 0.02772980551798265, 0.12374738833078971, 0.01881176552602223, 0.05155251040072231, 0.03617796228154675, 0.04067967647870818, 0.018017483670469167, 0.11116052124198976, 0.022195669054821298, 0.03940577199170878, 0.01711225147348839, 0.0185416363548119, 0.04238515425023142, 0.07013112986153298, 0.020505636132189205, 0.07981537986587692, 0.055064794781443833, 0.030518093361304358, 0.025071256517708956, 0.12018689881641786, 0.021080785216047213, 0.018302104548438565, 0.017614084388037306, 0.04063057936318628, 0.09508836989874368, 0.01746842458557624, 0.017550241038366988, 0.038732759736396456, 0.014162839942990424, 0.09780990037616792, 0.08701948878856805, 0.02391446572165568, 0.03757742784180484, 0.025216121902013874, 0.03135339801128094, 0.027939851098990703, 0.02819680776651744, 0.036988615130002685, 0.052864693760216894, 0.049138619390490294, 0.4280125338297624, 0.08069887740926428, 0.02271826860013899, 0.04890817796790993, 0.030874668548886593, 0.06858482179078428, 0.11253964933720263, 0.030835253033009203, 0.041751867426293235, 0.0775431093278822, 0.04939648107840465],